Word,Difficulty
abandoned,1
abandoning,1
abandonment,1
abase,1
abated,1
abatement,1
abating,1
abbreviated,1
aquatic,1
aquiline,1
arachnid,1
arachnoid,1
arbitrageur,1
arbitrarily,1
arbitrary,1
arbitrated,1
arbitrating,1
arbitration,1
arbitrator,1
arbitrators,1
arboretum,1
arc,1
arced,1
archaeologist,1
archaeology,1
archaeopteryx,1
archaic,1
archbishops,1
archdeacon,1
archdeaconry,1
archdeacons,1
archduke,1
archer,1
archery,1
arches,1
architects,1
archive,1
archivists,1
archness,1
ardently,1
arena,1
argued,1
arguers,1
arguing,1
argument,1
arisen,1
arises,1
aristocracy,1
aristocrat,1
aristocrats,1
arithmetic,1
armadillos,1
armament,1
armature,1
armchair,1
armhole,1
armholes,1
armoured,1
armrest,1
aromatherapy,1
aromatic,1
arouses,1
arpeggios,1
arraigned,1
arrange,1
arrangeable,1
arrangement,1
arranging,1
arrest,1
arrestable,1
arrested,1
arrival,1
arrivals,1
arrive,1
arrives,1
arriving,1
arrogance,1
arrowed,1
arrows,1
arsenide,1
arsonist,1
arsonists,1
artefact,1
artefacts,1
artefactual,1
arteries,1
artery,1
artfulness,1
arthritic,1
articulacy,1
articular,1
articulates,1
articulatory,1
artificially,1
artisan,1
artisans,1
artistes,1
artistic,1
artists,1
artlessly,1
asbestosis,1
ascending,1
ascent,1
ascents,1
ascertains,1
ascorbic,1
ascribing,1
ascription,1
ascriptions,1
ashen,1
ashy,1
asides,1
askance,1
askew,1
asking,1
asks,1
aslant,1
asperity,1
asphyxiated,1
asphyxiation,1
aspirant,1
aspirants,1
aspirate,1
aspirations,1
aspirators,1
aspired,1
assail,1
assailant,1
assailants,1
assaulting,1
assay,1
assays,1
assembler,1
assemblies,1
assembling,1
assert,1
asserted,1
assertive,1
asserts,1
assessable,1
assessed,1
assesses,1
assessor,1
assessors,1
assiduous,1
assiduously,1
assign,1
assignation,1
assigned,1
assignees,1
assigning,1
assigns,1
assimilable,1
assimilate,1
assist,1
assistance,1
assistant,1
assistants,1
assisting,1
assists,1
associating,1
association,1
assuage,1
assuaging,1
assuming,1
assumption,1
assumptions,1
asterisk,1
asterisked,1
astern,1
asteroid,1
asteroids,1
asthma,1
asthmatic,1
astigmatic,1
astigmatism,1
astonish,1
astonishing,1
astounding,1
astoundingly,1
astral,1
astride,1
astronomer,1
astronomers,1
astronomic,1
astrophysics,1
asymptote,1
asymptotic,1
atavistic,1
athlete,1
athletics,1
atlas,1
atmospherics,1
atomically,1
atomisation,1
atomised,1
atomistic,1
atoms,1
atonality,1
atonement,1
atoning,1
atrociously,1
atrophying,1
attached,1
attaches,1
attachment,1
attachments,1
attackers,1
attainable,1
attaining,1
attainment,1
attend,1
attendances,1
attends,1
attention,1
attentively,1
attenuates,1
attenuator,1
attenuators,1
attitudinal,1
attracting,1
attraction,1
attractions,1
attractively,1
attributed,1
attributing,1
attribution,1
attrition,1
attritional,1
atypically,1
aubergine,1
auction,1
auctioned,1
auctioning,1
auctions,1
audaciously,1
audibility,1
audible,1
audiences,1
audited,1
audition,1
auditioned,1
auditioning,1
auditions,1
auditorium,1
augmented,1
augured,1
aunts,1
auriculas,1
auspicious,1
austere,1
austerity,1
auteur,1
authenticates,1
authoring,1
authorising,1
authoritative,1
authorization,1
authorize,1
authorized,1
authorship,1
autobiography,1
autocratic,1
autographed,1
automate,1
automates,1
automating,1
automation,1
automorphism,1
autonomic,1
autoradiograph,1
avalanching,1
avarice,1
avaricious,1
avenger,1
averaged,1
averagely,1
averaging,1
averse,1
aversive,1
averting,1
averts,1
aviation,1
aviator,1
aviators,1
avionics,1
avoidable,1
avoidance,1
avoirdupois,1
awarding,1
awards,1
awesomely,1
awfulness,1
awkwardest,1
awnings,1
axillary,1
axiomatizing,1
axis,1
ayurvedic,1
babbled,1
babbler,1
babbling,1
babysitting,1
bachelor,1
bachelors,1
bacilli,1
bacillus,1
backache,1
backbenchers,1
backbone,1
backbones,1
backdate,1
backdated,1
backfire,1
backfired,1
backfiring,1
backhanded,1
backlit,1
backpacking,1
backrest,1
backsliding,1
backspacing,1
backstabbing,1
backtracked,1
backtracking,1
backwaters,1
bacteria,1
bacterial,1
bacteriophage,1
bacterium,1
badged,1
badinage,1
bafflement,1
baffling,1
bafflingly,1
bagatelle,1
bailing,1
bakeries,1
balanced,1
balances,1
balancing,1
balderdash,1
baldest,1
baldness,1
baleen,1
ballerina,1
ballerinas,1
ballets,1
ballistic,1
ballooning,1
balloonist,1
balloonists,1
balloted,1
balmiest,1
baluster,1
balusters,1
balustraded,1
balustrades,1
bamboozle,1
bamboozled,1
bamboozles,1
banalities,1
banality,1
bandages,1
bandaging,1
bandier,1
banding,1
bandits,1
banging,1
bangle,1
banishes,1
banishing,1
banknote,1
banknotes,1
banners,1
banning,1
banqueting,1
banquets,1
banshees,1
bantering,1
baptised,1
baptismal,1
baptisms,1
baptists,1
baptize,1
bar,1
barbecue,1
barbecues,1
barbell,1
bare,1
bared,1
barefaced,1
bareness,1
bargain,1
bargained,1
bargaining,1
bargains,1
bargepole,1
baritone,1
barleycorns,1
baronial,1
barracking,1
barrage,1
barred,1
barrel,1
bartender,1
basaltic,1
baseness,1
bases,1
basics,1
basilicas,1
basilisks,1
basinful,1
basketball,1
bass,1
bastions,1
bather,1
bathhouse,1
bathos,1
batons,1
battalion,1
battalions,1
battened,1
battening,1
battens,1
batter,1
batteries,1
battleaxe,1
battled,1
battledress,1
battlefield,1
battleground,1
battlegrounds,1
battlement,1
battlemented,1
battlers,1
baulking,1
bawdiest,1
bawled,1
bawling,1
be,1
beachcomber,1
beachside,1
beaded,1
beadle,1
beanstalks,1
bear,1
beardless,1
bearer,1
bearings,1
bearish,1
bearskins,1
beasts,1
beater,1
beatified,1
beatitudes,1
beautifies,1
beautiful,1
beautifully,1
beautify,1
beavering,1
beckoning,1
bedchamber,1
bedclothes,1
bedecks,1
bedevilled,1
bedlinen,1
bedsitters,1
bedtime,1
beeches,1
beechwood,1
beefiest,1
beehive,1
beermats,1
beeswax,1
befalling,1
befriend,1
befriends,1
befuddling,1
begets,1
beginners,1
beguilement,1
behaviour,1
behaviourism,1
behaviours,1
behindhand,1
behinds,1
beholden,1
beholding,1
beings,1
bejewelled,1
belated,1
belfry,1
believable,1
believed,1
believer,1
believing,1
belittled,1
belittles,1
belladonna,1
bellowed,1
bellowing,1
belonged,1
belting,1
bemoaned,1
bemusedly,1
benchmark,1
benchmarks,1
bends,1
benefactor,1
benefactors,1
benefactress,1
beneficiary,1
benefited,1
benefits,1
benevolent,1
benevolently,1
benighted,1
bequeath,1
bequeathed,1
bequeathing,1
berate,1
berating,1
bereavements,1
bereft,1
berets,1
berries,1
berry,1
berserk,1
berths,1
beryl,1
beset,1
besets,1
besetting,1
beside,1
besides,1
besiege,1
besieging,1
besmirch,1
bespeak,1
bespeaking,1
bespeaks,1
bespectacled,1
best,1
bestiality,1
bestride,1
beta,1
betokened,1
betokens,1
betrayal,1
betrayals,1
betrothal,1
betted,1
better,1
betterment,1
betting,1
between,1
bevelled,1
beverages,1
bewailing,1
beware,1
bewilder,1
bewilders,1
bewitched,1
bias,1
biased,1
biblically,1
biblicists,1
bibliography,1
bibliophile,1
bicameral,1
bidden,1
bidder,1
biennials,1
bifocals,1
bifurcated,1
bifurcation,1
bigamists,1
bigamous,1
biggest,1
bigness,1
bilateral,1
bilaterally,1
bilberry,1
bilingual,1
bilinguals,1
billboards,1
billeting,1
billiards,1
billings,1
billion,1
billions,1
binders,1
binding,1
bindings,1
binoculars,1
binomial,1
biogeographical,1
biographers,1
biographical,1
biologists,1
biomass,1
biometric,1
biophysical,1
biopsy,1
biorhythms,1
biospheres,1
biosynthesis,1
bipartisan,1
bipedal,1
biplanes,1
birdbaths,1
birdsong,1
birdwatcher,1
birefringent,1
birthdays,1
birthmarks,1
birthrate,1
bisect,1
bisected,1
bisecting,1
bisects,1
bisexuality,1
bishopric,1
bishoprics,1
bishops,1
bismuth,1
bistros,1
bitingly,1
bitterly,1
bitterness,1
bittiness,1
bituminous,1
bivalves,1
bivouacked,1
bivouacs,1
biweekly,1
blabbering,1
blackballed,1
blackberries,1
blacked,1
blackening,1
blackheads,1
blacklisted,1
blacklisting,1
blacklists,1
blackmail,1
blackmailer,1
blackmailing,1
blackness,1
blackshirts,1
blacksmiths,1
blameless,1
blamelessness,1
blameworthy,1
blanching,1
blanketed,1
blanketing,1
blankets,1
blanking,1
blankness,1
blare,1
blared,1
blase,1
blaspheme,1
blasphemed,1
blasphemers,1
blasphemous,1
blasphemously,1
blaster,1
blazers,1
bleacher,1
bleachers,1
bleaches,1
bleaker,1
bleakness,1
blearily,1
bleeders,1
bleeds,1
bleeper,1
bleeping,1
blemish,1
blemished,1
blemishes,1
blending,1
bless,1
blessing,1
blessings,1
blindingly,1
blisters,1
bloated,1
bloating,1
blockade,1
blockaded,1
blockading,1
blockbusters,1
blockbusting,1
blondes,1
counteracted,1
counterbalance,1
counterbalanced,1
counterexample,1
counterexamples,1
counterfeit,1
countermanded,1
countermeasures,1
counterparts,1
countess,1
countesses,1
counties,1
countries,1
countryside,1
courage,1
courageously,1
courier,1
couriers,1
coursebook,1
courses,1
coursework,1
courteous,1
courteously,1
courtesans,1
cousinly,1
covalent,1
covalently,1
covariances,1
coverages,1
coveralls,1
coverings,1
coverlets,1
coveting,1
cowered,1
cowering,1
crabbed,1
cradle,1
cradled,1
cradles,1
crafts,1
craftspeople,1
cranberry,1
crane,1
craned,1
cranes,1
cranial,1
cranium,1
crannies,1
crashes,1
crashingly,1
crassness,1
crater,1
crazier,1
craziest,1
creaked,1
creamery,1
creamier,1
creamiest,1
creaming,1
creases,1
create,1
creates,1
creatively,1
creators,1
creature,1
creches,1
credible,1
credibly,1
credited,1
crediting,1
creditors,1
credits,1
credulity,1
creed,1
creeks,1
creeper,1
creepers,1
cremated,1
creole,1
crepuscular,1
crest,1
crested,1
cresting,1
crests,1
crevasses,1
crews,1
cribbage,1
crickets,1
cries,1
criminality,1
criminally,1
criminals,1
cringe,1
cringes,1
crinkly,1
crinoline,1
crippling,1
cripplingly,1
crispness,1
criteria,1
critically,1
criticise,1
criticises,1
criticising,1
criticisms,1
criticizes,1
critique,1
crocodile,1
crocodiles,1
croissant,1
croissants,1
cronies,1
crookedly,1
crooner,1
crooners,1
cropper,1
croppers,1
crosiers,1
crossbones,1
crossfire,1
crossings,1
crossness,1
crossover,1
crosswinds,1
crotchless,1
crowded,1
crozier,1
crucially,1
crucible,1
crucifix,1
crucifixes,1
crucifixion,1
crucifying,1
crudeness,1
cruder,1
crudities,1
cruelties,1
cruisers,1
crunchers,1
crusade,1
crusader,1
crusades,1
crushers,1
crusty,1
cryptically,1
cryptographer,1
cryptographers,1
crystallize,1
crystallographer,1
crystallographers,1
cubicle,1
cubicles,1
cuckolded,1
cuddled,1
cuddles,1
cuddlier,1
cuddliness,1
cuirass,1
cuisine,1
culinary,1
culminated,1
culminating,1
culmination,1
culpable,1
cultivate,1
cultivated,1
cultivating,1
cultivation,1
cultivator,1
cultivators,1
cumbersomely,1
cumulatively,1
cunnilingus,1
curare,1
curative,1
curatorships,1
curdled,1
curfews,1
curlier,1
curliness,1
currency,1
current,1
currently,1
currents,1
curricula,1
curricular,1
curses,1
curtailing,1
curtailment,1
curtain,1
curtained,1
curtaining,1
curtsey,1
curtsying,1
curvature,1
cushioned,1
custodian,1
custodians,1
customise,1
customising,1
customize,1
customizing,1
cutest,1
cuticles,1
cutlets,1
cuttlefish,1
cyanide,1
cyclically,1
cyclists,1
cylindrical,1
cylindrically,1
cynically,1
cynicism,1
cysteine,1
cytoplasmic,1
dabbed,1
dabbled,1
dabbling,1
daintier,1
daintily,1
dairymen,1
daisies,1
dale,1
dallied,1
dallying,1
damaged,1
damagingly,1
dampened,1
dampening,1
damper,1
damsel,1
damsels,1
dancers,1
dances,1
dancing,1
dandies,1
dangerousness,1
dangle,1
dangling,1
dankest,1
dapper,1
daredevil,1
daringly,1
darkness,1
darned,1
dashes,1
databases,1
datable,1
dateline,1
dates,1
daubed,1
daunting,1
dauntingly,1
dauntless,1
daunts,1
dawdle,1
dawdled,1
dawning,1
daydreams,1
daylights,1
deaconess,1
deaconesses,1
deadening,1
deadens,1
deadheads,1
deadliest,1
deadlocking,1
deadlocks,1
deafening,1
deafeningly,1
deafens,1
dealer,1
dealers,1
dealership,1
dealing,1
deals,1
deanery,1
dearness,1
dears,1
deathbed,1
deathless,1
debar,1
debatable,1
debenture,1
debilitate,1
debility,1
debiting,1
debrief,1
debtors,1
debuggers,1
debutante,1
debutantes,1
decade,1
decagons,1
decanted,1
decanter,1
decathlon,1
decayed,1
decaying,1
decease,1
deceit,1
deceits,1
decentralization,1
decentralize,1
decentralized,1
decentralizing,1
deception,1
decibel,1
decidedly,1
decider,1
decides,1
deciding,1
deciduous,1
decimal,1
decimalise,1
decimalization,1
decimated,1
decision,1
decisive,1
decisively,1
deckchairs,1
decked,1
declaim,1
declamation,1
declamatory,1
declaratory,1
declare,1
declared,1
declensions,1
declivity,1
decoded,1
decoders,1
decoding,1
decolonization,1
decomposable,1
decomposed,1
decomposes,1
decomposing,1
decompressed,1
decongestants,1
deconstruct,1
deconstructed,1
decorate,1
decorated,1
decorator,1
decorators,1
decoupling,1
decree,1
decrement,1
decrying,1
deduce,1
deducing,1
deducted,1
deductible,1
deduction,1
deductively,1
deed,1
deeds,1
deem,1
deems,1
deepens,1
deeper,1
deepest,1
deepish,1
deerstalkers,1
deface,1
defaced,1
defacing,1
defamation,1
defamatory,1
defaulter,1
defaulting,1
defeated,1
defeater,1
defeatism,1
defeatist,1
defecate,1
defecating,1
defect,1
defecting,1
defectives,1
defectors,1
defects,1
defence,1
defencelessness,1
defendant,1
defendants,1
defending,1
defends,1
defenestrate,1
defenestrated,1
defensively,1
deferred,1
defers,1
defiance,1
defies,1
defiled,1
defilement,1
definable,1
definably,1
defines,1
definitely,1
definitive,1
deflated,1
deflates,1
deflating,1
deflation,1
deflection,1
deflections,1
deflectors,1
deflects,1
deform,1
deformed,1
defraud,1
defray,1
defrosting,1
degenerate,1
degenerated,1
degenerates,1
degrease,1
degrees,1
dehumanised,1
dehumanises,1
dehumanizes,1
dehumanizing,1
dehumidifier,1
deigns,1
deionised,1
dejected,1
dejection,1
delegated,1
delegates,1
delegation,1
delete,1
deleteriously,1
deletes,1
deleting,1
deletion,1
deliberative,1
delicacy,1
delicately,1
delicious,1
deliciously,1
delights,1
delimit,1
delimited,1
delimiter,1
delimits,1
delineated,1
delineates,1
delinquency,1
delinquent,1
deliquesced,1
delirium,1
deliver,1
deliverers,1
deliveries,1
delivering,1
delivers,1
deltoids,1
deluded,1
deludes,1
delusion,1
demagnetization,1
demagnetize,1
demagogue,1
demagogy,1
demanded,1
dematerialize,1
dematerialized,1
dementedly,1
dementia,1
demigods,1
demijohns,1
demilitarization,1
demilitarized,1
demobilization,1
demobilized,1
democrat,1
democratization,1
democrats,1
demodulator,1
demographer,1
demographers,1
demographics,1
demography,1
demolished,1
demolishes,1
demolishing,1
demonstrable,1
demonstrably,1
demonstrated,1
demonstrates,1
demonstrator,1
demonstrators,1
demoralise,1
demoralised,1
demoralization,1
demoralizing,1
demotes,1
demotic,1
demountable,1
demure,1
demurely,1
demurred,1
demystifying,1
denationalization,1
dendrochronology,1
denied,1
denier,1
denims,1
denouncements,1
denounces,1
dentistry,1
dents,1
dentures,1
denying,1
deodorant,1
deodorants,1
deodorized,1
departing,1
department,1
departmental,1
departmentally,1
departs,1
depended,1
dependent,1
depicting,1
depiction,1
depictions,1
depicts,1
depleted,1
depleting,1
depletion,1
deplorably,1
deplores,1
deployment,1
depolarization,1
depoliticization,1
depopulated,1
deport,1
deporting,1
depositing,1
deposition,1
depositories,1
depositors,1
depository,1
depraved,1
depraving,1
deprecating,1
depressant,1
depression,1
deprive,1
deprived,1
deprives,1
deputies,1
deputising,1
deputized,1
derailment,1
deranged,1
derivation,1
derivatively,1
dermatologist,1
dermatology,1
derogate,1
derogatory,1
desaturated,1
descendants,1
descended,1
descendent,1
descending,1
describe,1
described,1
descriptor,1
desertion,1
deserved,1
deservedly,1
deserving,1
desiccated,1
designable,1
designate,1
designates,1
designator,1
designedly,1
desist,1
deskilling,1
desks,1
desolating,1
desolation,1
desorption,1
despaired,1
despatch,1
despatched,1
despatches,1
despatching,1
despicable,1
despicably,1
despises,1
despite,1
despoiling,1
despondency,1
despondently,1
despot,1
despotic,1
despotism,1
dessicated,1
dessication,1
destabilise,1
destabilize,1
destine,1
destiny,1
destroyable,1
destroyer,1
destroyers,1
desultorily,1
detachable,1
detaches,1
detachment,1
detailed,1
detainees,1
detaining,1
detect,1
detectably,1
detecting,1
detectors,1
detects,1
detention,1
determined,1
determinedly,1
determiner,1
deterring,1
detestable,1
detested,1
detests,1
detonator,1
detonators,1
detour,1
detours,1
detoxify,1
detract,1
detractor,1
detractors,1
detracts,1
detriment,1
detrital,1
detritus,1
deuterium,1
devaluation,1
devaluations,1
devaluing,1
devastate,1
devastated,1
devastating,1
developers,1
developmental,1
developmentally,1
developments,1
deviants,1
devilry,1
deviously,1
devised,1
devises,1
devolving,1
devotedly,1
devotee,1
devotees,1
devotion,1
devoured,1
devourers,1
devouring,1
devoutness,1
dexterous,1
diabetes,1
diabetics,1
diachronic,1
diacritical,1
diacritics,1
diagnosing,1
diagnostic,1
diagnostics,1
diagonalize,1
diagonalized,1
diagonalizing,1
diagonals,1
diagrams,1
dialectal,1
dialled,1
dialler,1
dialling,1
diamante,1
diamonds,1
diapason,1
diaphragms,1
diarrhoea,1
diaspora,1
diastolic,1
diatomic,1
dichloride,1
dictated,1
dictation,1
dictators,1
dictatorships,1
didactic,1
died,1
dies,1
diesels,1
differ,1
differences,1
difficulties,1
difficulty,1
diffracted,1
diffracting,1
diffraction,1
diffracts,1
diffuse,1
diffusing,1
diffusional,1
diffusivity,1
digested,1
digestible,1
digestion,1
digestive,1
digestives,1
digests,1
digging,1
diggings,1
digitalis,1
digitally,1
digitising,1
digitization,1
digitized,1
digitizer,1
dignified,1
dignifying,1
digraphs,1
digress,1
dilate,1
dilated,1
dilates,1
dilating,1
dilation,1
dilettante,1
dilettantes,1
dilute,1
dilutions,1
dimensioned,1
dimer,1
diminishing,1
diminuendo,1
diminutive,1
dimorphic,1
dimorphism,1
dimples,1
dinghies,1
dingier,1
dinners,1
dinosaur,1
dinosaurs,1
diodes,1
dioptres,1
diphtheria,1
diplexers,1
diplomas,1
diplomatic,1
diplomats,1
dipoles,1
dipsomania,1
dipsomaniac,1
dipsticks,1
directly,1
directorships,1
directory,1
directs,1
direst,1
dirges,1
dirigiste,1
dirtied,1
dirtiest,1
disability,1
disables,1
disabling,1
disabuse,1
disallow,1
disallows,1
disambiguate,1
disambiguated,1
disappoints,1
disapproval,1
disarm,1
disarmed,1
disarmingly,1
disarray,1
disassembling,1
disastrous,1
disastrously,1
disavowal,1
disavowed,1
disbanding,1
disburse,1
discarded,1
discarding,1
discards,1
discernible,1
discharging,1
discipline,1
disclaim,1
disclaiming,1
disclosed,1
disclosing,1
disclosure,1
discography,1
discomfit,1
discomforts,1
discontinue,1
discontinues,1
discontinuous,1
discordance,1
discordant,1
discos,1
discounted,1
discounts,1
discourse,1
discoverers,1
discursive,1
discuss,1
discussing,1
discussion,1
discussions,1
disdain,1
disdainful,1
disdaining,1
disease,1
diseased,1
disembowel,1
disengaged,1
disequilibrium,1
disfavour,1
disfigure,1
disfiguring,1
disgorge,1
disgorged,1
disgorging,1
disgracing,1
disguise,1
disguising,1
disgusting,1
disgusts,1
disharmonious,1
disharmony,1
dishonour,1
dishonourably,1
dishonoured,1
dishwater,1
disjunction,1
disjunctive,1
dislike,1
dislocating,1
dislocation,1
dislodge,1
dislodging,1
disloyal,1
disloyalty,1
dismal,1
dismally,1
dismantling,1
dismaying,1
dismissals,1
dismissible,1
dismissive,1
dismounting,1
disobey,1
disobeyed,1
disobeying,1
disorderly,1
disorders,1
disowned,1
disowning,1
disowns,1
disparaging,1
disparagingly,1
disparate,1
dispatches,1
dispatching,1
dispel,1
dispelled,1
dispense,1
dispersed,1
disperses,1
dispiriting,1
displace,1
displaced,1
displaces,1
disporting,1
disposal,1
disposals,1
disposing,1
disposition,1
disproofs,1
disprovable,1
disproved,1
disproves,1
disproving,1
disputable,1
disputants,1
disputation,1
dispute,1
disrepute,1
disrupt,1
disrupting,1
disruption,1
disruptions,1
disruptive,1
disruptor,1
disrupts,1
dissatisfy,1
dissects,1
dissemble,1
disseminated,1
dissent,1
dissented,1
dissenters,1
dissidence,1
dissimilar,1
dissipating,1
dissipation,1
dissociating,1
dissolute,1
dissolution,1
dissolve,1
dissolving,1
dissonance,1
dissonant,1
dissuading,1
distaff,1
distance,1
distanced,1
distancing,1
distant,1
distil,1
distilling,1
distinct,1
distinction,1
distinctly,1
distinguish,1
distinguishably,1
distorting,1
distortion,1
distortions,1
distorts,1
distract,1
distracting,1
distraction,1
distraught,1
distress,1
distribute,1
distributive,1
districts,1
distrust,1
distrustful,1
distrustfully,1
distrusting,1
distrusts,1
disturbing,1
disturbs,1
disunity,1
disyllabic,1
dithered,1
ditties,1
diuresis,1
diuretic,1
divergent,1
diversify,1
diversionary,1
diversities,1
diverts,1
divesting,1
divided,1
dividends,1
divides,1
divination,1
divines,1
divining,1
divinity,1
divisible,1
divisional,1
divisions,1
divisive,1
divorced,1
divorces,1
divulging,1
dizziest,1
dizziness,1
doctoring,1
doctrinaire,1
doctrinally,1
doctrine,1
doctrines,1
documented,1
documents,1
dodecahedra,1
dodecahedral,1
dodecahedron,1
dodger,1
doer,1
dogmas,1
dogmatic,1
dogmatists,1
doled,1
dolerite,1
dolomite,1
dolphinarium,1
domesticity,1
domestics,1
domicile,1
domiciled,1
domiciliary,1
dominantly,1
dominated,1
dominating,1
domination,1
dominion,1
dominions,1
donation,1
donations,1
donned,1
doomed,1
doorbells,1
doorhandles,1
doormen,1
doornail,1
dormer,1
dormers,1
dormice,1
dorsal,1
dosages,1
dosed,1
dosing,1
dottiness,1
double,1
doubler,1
doubletalk,1
doublethink,1
doubtless,1
doubtlessly,1
dourness,1
douse,1
dovetails,1
downbeat,1
downed,1
downgraded,1
downgrading,1
downloaded,1
downloading,1
downpipe,1
downpipes,1
downplayed,1
downside,1
downsizing,1
downstairs,1
dowsers,1
drabness,1
draconian,1
drafters,1
drained,1
drainer,1
dramatic,1
dramatising,1
dramatists,1
dramatization,1
dramatize,1
dramatized,1
drapers,1
drapes,1
drastic,1
drastically,1
draughtier,1
drawer,1
dread,1
dreadful,1
dreadfulness,1
dreading,1
dreadlocks,1
dreadnought,1
dream,1
dreamers,1
dreamier,1
dreamiest,1
dreamily,1
dreaming,1
dreamland,1
dreamless,1
dreamt,1
drear,1
drearily,1
dreary,1
dredge,1
dredger,1
dregs,1
drenched,1
dress,1
dressage,1
dressed,1
dresser,1
dressmakers,1
drew,1
dribbled,1
dribbles,1
drier,1
drifted,1
drifter,1
driftwood,1
drinkable,1
drivel,1
drivelled,1
drivelling,1
driver,1
driverless,1
driveway,1
drollest,1
dromedaries,1
dromedary,1
droned,1
drones,1
drooped,1
droopier,1
droplet,1
droplets,1
dropped,1
drownings,1
drowsier,1
drowsiest,1
drowsiness,1
drumbeats,1
drumsticks,1
drunkenly,1
dryers,1
dualistic,1
dualities,1
duchies,1
duels,1
dulcimer,1
dumbfounding,1
dumfounded,1
dumfounding,1
duplicate,1
duplicated,1
duplicating,1
duplication,1
duplications,1
duplicator,1
duplicators,1
duplicitous,1
duration,1
durations,1
duress,1
dutifulness,1
dwarfs,1
dwarves,1
dwellings,1
dwells,1
dwindled,1
dwindling,1
dyestuffs,1
dynamic,1
dynamically,1
dynamics,1
dynamism,1
dynamited,1
dynastic,1
dyslexic,1
dyspeptic,1
eagles,1
earache,1
eardrum,1
eardrums,1
eared,1
earldom,1
earldoms,1
earmark,1
earned,1
earnestly,1
earns,1
earplug,1
earplugs,1
earth,1
earthbound,1
earthling,1
earthly,1
earthwards,1
earthwork,1
earthworks,1
earwig,1
easel,1
eases,1
easier,1
eastbound,1
easting,1
eastward,1
easy,1
eating,1
eaves,1
eavesdrop,1
eavesdropped,1
eavesdropper,1
eavesdroppers,1
eavesdrops,1
ebbing,1
ebullience,1
echelon,1
echelons,1
echinoderm,1
eclair,1
eclipse,1
eclipses,1
ecological,1
ecologist,1
ecologists,1
economic,1
economies,1
economise,1
economised,1
economises,1
economization,1
economizing,1
ecstasies,1
ecstasy,1
ectopic,1
ectoplasm,1
ecumenism,1
edge,1
edgeless,1
edgewise,1
edgings,1
edifice,1
edifying,1
edit,1
editable,1
editorialized,1
editors,1
educate,1
educating,1
educator,1
educators,1
eduction,1
effect,1
effective,1
effectively,1
effectors,1
effervescence,1
effervescent,1
efficiency,1
effluent,1
effortlessly,1
effrontery,1
effulgent,1
effusively,1
eggshells,1
egoist,1
egoists,1
egotist,1
egregious,1
egress,1
eh,1
eigenstate,1
eighteen,1
eighty,1
ejaculate,1
ejaculated,1
ejecta,1
ejector,1
ejectors,1
eked,1
elaborateness,1
elaborates,1
elapses,1
elasticity,1
elastin,1
elastodynamics,1
elate,1
elated,1
elder,1
elderberries,1
elderflower,1
elect,1
electability,1
elected,1
electing,1
election,1
elections,1
elective,1
elector,1
electric,1
electrical,1
electrify,1
electrocuted,1
electrolysed,1
electrolytes,1
electromagnet,1
electromotive,1
electron,1
electrons,1
elects,1
elegance,1
elegies,1
elevated,1
elevates,1
elevating,1
elevation,1
elevations,1
elevators,1
eleventh,1
elfin,1
eliding,1
eligible,1
eligibly,1
elision,1
elites,1
elitism,1
elixir,1
elks,1
ellipse,1
ellipses,1
ellipsis,1
ellipsoids,1
elliptic,1
ells,1
elongated,1
elopement,1
eloquence,1
eloquent,1
eloquently,1
else,1
elude,1
eluded,1
elusively,1
elution,1
emanates,1
emancipated,1
emasculate,1
embalmers,1
embalming,1
embargo,1
embargoes,1
embarrassedly,1
embarrassment,1
embarrassments,1
embassies,1
embeddable,1
embedding,1
embeddings,1
embellish,1
embellished,1
embers,1
embezzled,1
embezzlement,1
embezzler,1
emblazoned,1
emblems,1
embodying,1
emboldens,1
embolism,1
emboss,1
embracing,1
embrasure,1
embroider,1
embroideries,1
embroidering,1
embroil,1
embroiled,1
embryo,1
embryological,1
embryonal,1
emeralds,1
emerged,1
emerges,1
emery,1
emigrants,1
emigrated,1
eminent,1
emissaries,1
emission,1
emits,1
emitted,1
emollient,1
emolument,1
empathize,1
emphases,1
emphasis,1
emphasise,1
emphasize,1
emphysema,1
empiricism,1
emplacements,1
employed,1
employing,1
employments,1
empowered,1
emptied,1
empties,1
emulation,1
emulations,1
emulsion,1
enable,1
enact,1
enacted,1
enacting,1
enamels,1
encapsulated,1
encapsulates,1
encase,1
encephalopathy,1
enchant,1
enchanter,1
enchantments,1
encircle,1
encircled,1
enclosures,1
encoders,1
encodes,1
encoding,1
encompass,1
encore,1
encounters,1
encourage,1
encouragement,1
encouragements,1
encourages,1
encouragingly,1
encroaches,1
encroachment,1
encroachments,1
encrusting,1
encrypts,1
encumbrances,1
encyclopaedias,1
endangers,1
endearingly,1
endears,1
endemically,1
endgame,1
endless,1
endocrine,1
endogenous,1
endogenously,1
endomorphisms,1
endorsement,1
endorsements,1
endorsing,1
endoscopic,1
endoscopy,1
endowing,1
endurable,1
endurance,1
endured,1
enemas,1
enemy,1
energies,1
energize,1
energized,1
energizer,1
enervate,1
enervated,1
enfeeblement,1
enfolded,1
enfolding,1
enforced,1
enfranchised,1
enfranchiser,1
enfranchising,1
engaged,1
engineer,1
engrave,1
engraved,1
engulfing,1
enhancements,1
enhances,1
enigma,1
enjoy,1
enjoyably,1
enjoyment,1
enjoyments,1
enjoys,1
enlargement,1
enlargements,1
enlighten,1
enlist,1
enlisted,1
enmeshed,1
enmities,1
enmity,1
ennobles,1
ennui,1
enormities,1
enough,1
enquire,1
enquired,1
enquires,1
evenly,1
evensong,1
event,1
events,1
everliving,1
everybody,1
evict,1
evicted,1
evident,1
evinces,1
evocation,1
evolutions,1
ewes,1
exacerbates,1
exacting,1
exaction,1
exactly,1
exaggerated,1
exaggeratedly,1
examines,1
example,1
exasperate,1
exasperation,1
excavate,1
excavated,1
excavating,1
excavation,1
excavators,1
excellency,1
excels,1
excelsior,1
except,1
excepted,1
excepting,1
excesses,1
excessive,1
exchangeable,1
exchanger,1
exchequer,1
excise,1
excised,1
excites,1
exciting,1
exclaim,1
exclaimed,1
exclaims,1
exclamatory,1
excludes,1
exclusive,1
exclusively,1
exclusivist,1
exclusivity,1
excrescences,1
excreta,1
excreted,1
excretions,1
excretory,1
excursus,1
excusing,1
execute,1
executioner,1
executioners,1
executive,1
executor,1
exemplary,1
exemplifies,1
exempted,1
exempting,1
exemption,1
exemptions,1
exercise,1
exercised,1
exerciser,1
exercises,1
exerted,1
exerting,1
exertion,1
exertions,1
exeunt,1
exhalation,1
exhalations,1
exhaling,1
exhausted,1
exhibited,1
exhibits,1
exhorted,1
exigency,1
exiguous,1
exile,1
exist,1
existent,1
existing,1
exited,1
exiting,1
exocrine,1
exonerates,1
exorcise,1
exorcised,1
exorcising,1
exorcism,1
exotic,1
exotically,1
expanded,1
expander,1
expanses,1
expansionist,1
expansive,1
expansively,1
expatriates,1
expectant,1
expected,1
expecting,1
expectorated,1
expects,1
expedient,1
expedients,1
expedite,1
expeditious,1
expeditiously,1
expenditures,1
expenses,1
expensive,1
experience,1
experiences,1
experiencing,1
expertize,1
expertly,1
experts,1
expiring,1
explains,1
expletives,1
explicable,1
exploded,1
exploders,1
explodes,1
exploit,1
exploiter,1
exploiters,1
exploiting,1
explorable,1
exploratory,1
explorers,1
exploring,1
explosiveness,1
exponent,1
exporters,1
exporting,1
exposes,1
expository,1
expostulated,1
expostulating,1
express,1
expressed,1
expresses,1
expressionist,1
expressly,1
expulsion,1
expulsions,1
expunges,1
expurgate,1
expurgated,1
exquisite,1
extempore,1
extend,1
extendable,1
extended,1
extendible,1
extending,1
extensible,1
extensively,1
extent,1
exteriors,1
exterminates,1
externalized,1
extinguisher,1
extol,1
extolled,1
extorted,1
extracellular,1
extract,1
extracted,1
extractor,1
extradited,1
extraditing,1
extramural,1
extrapolated,1
extrasolar,1
extravagance,1
extravagances,1
extravagant,1
extravagantly,1
extravaganza,1
extravaganzas,1
extrema,1
extrusion,1
extrusions,1
exuberant,1
exudate,1
exuding,1
exultantly,1
exulting,1
eyeballs,1
eyebrow,1
eyeglass,1
eyeing,1
eyelashes,1
eyeliner,1
eyeshadow,1
eyesore,1
eyesores,1
fabricated,1
fabricating,1
fabrication,1
fabricator,1
faceless,1
faceting,1
facetious,1
facilitates,1
facilitative,1
facilitator,1
faction,1
factions,1
factitious,1
factored,1
factorials,1
factoring,1
factorising,1
factorization,1
factorize,1
factorized,1
faded,1
faeces,1
failed,1
failings,1
fainter,1
fairground,1
fairgrounds,1
fairies,1
fairs,1
fairytale,1
faithful,1
faithless,1
fallacies,1
fallopian,1
falsehoods,1
falsified,1
falsifier,1
falsifying,1
faltered,1
faltering,1
falters,1
familiarization,1
familiarize,1
familiarized,1
familiarly,1
families,1
fanatic,1
fanatically,1
granularity,1
granulated,1
granulation,1
granules,1
grapeshot,1
graphologist,1
grapple,1
grappled,1
grappling,1
grasshoppers,1
grassiest,1
graters,1
gratification,1
gratifications,1
gratifying,1
gratis,1
gratuitously,1
gravedigger,1
gravelly,1
gravels,1
graveyard,1
graveyards,1
gravitated,1
gravitating,1
gravitation,1
gravitons,1
grease,1
greaseproof,1
greasy,1
greatcoat,1
greatcoats,1
greatly,1
grebe,1
grebes,1
greediest,1
greenery,1
greenfield,1
greengrocers,1
greenish,1
greens,1
greeted,1
greetings,1
gregarious,1
gregariously,1
gregariousness,1
gremlin,1
greyhound,1
greying,1
greyish,1
greyness,1
greys,1
gridiron,1
grievance,1
grieved,1
grievous,1
griffin,1
griffins,1
grilles,1
grilling,1
grimace,1
grimaced,1
grimaces,1
grimacing,1
grimmer,1
grinding,1
grindstone,1
grinning,1
grizzliest,1
groaned,1
groaning,1
groceries,1
grocers,1
grooming,1
groove,1
grope,1
grotesque,1
grotesqueness,1
groundbait,1
grounding,1
groundwater,1
grouping,1
groupings,1
grouse,1
grudging,1
grudgingly,1
gruesomely,1
gruesomeness,1
grumpiest,1
guanine,1
guarantees,1
guarded,1
guardedly,1
guardian,1
guardians,1
guarding,1
guerilla,1
guerillas,1
guessable,1
guesswork,1
guest,1
guests,1
guidance,1
guidebook,1
guidebooks,1
guidelines,1
guilders,1
guileless,1
guillotine,1
guillotines,1
guiltiest,1
guiltless,1
guitarists,1
gullible,1
gunning,1
gunpoint,1
gunpowder,1
gustier,1
gutsy,1
guttersnipe,1
gymnasia,1
gymnasium,1
gymnasiums,1
gymnastics,1
gyrates,1
gyrating,1
gyroscopic,1
haberdashers,1
haberdashery,1
habitations,1
habitual,1
habitually,1
habituated,1
habituation,1
hackable,1
hackneyed,1
haematologist,1
haematology,1
haemorrhages,1
haemorrhoids,1
haggling,1
hagiography,1
hailstorm,1
hailstorms,1
haircuts,1
hairdos,1
hairdrier,1
hairdryer,1
haired,1
hairless,1
hairpin,1
hairsprays,1
hairstyling,1
halberds,1
halfbreed,1
halfpennies,1
halfpennyworth,1
halfwit,1
halides,1
halitosis,1
halogenated,1
haltingly,1
halved,1
hamburgers,1
hammering,1
hampering,1
hamstrings,1
handbasin,1
handbills,1
handbrake,1
handbrakes,1
handcuffed,1
handcuffing,1
handed,1
handicapping,1
handicaps,1
handicraft,1
handicrafts,1
handiest,1
handlebar,1
handled,1
handlers,1
handling,1
handmaiden,1
handmaidens,1
handpicked,1
handrail,1
handrails,1
handset,1
handsets,1
handshake,1
handshakes,1
handsome,1
handsomeness,1
handsomer,1
handwriting,1
hangings,1
hangovers,1
haranguing,1
harass,1
harassing,1
harden,1
hardener,1
hardeners,1
hardens,1
hardier,1
hardline,1
hardliner,1
hardness,1
harems,1
harkens,1
harlequins,1
harmlessness,1
harmonica,1
harmonics,1
harmonies,1
harmonious,1
harmonising,1
harmonium,1
harmonization,1
harmonize,1
harmonized,1
harness,1
harped,1
harpsichord,1
harpsichords,1
harried,1
harrowing,1
harsher,1
harshest,1
harvesting,1
hastier,1
hastiest,1
hastiness,1
hatters,1
hauliers,1
hauteur,1
haywire,1
hazarding,1
hazelnut,1
headache,1
headband,1
headbands,1
headboard,1
headboards,1
headcount,1
headdress,1
headgear,1
headiest,1
headlamp,1
headlamps,1
headlight,1
headmaster,1
headmastership,1
headphone,1
headquarters,1
headrest,1
headroom,1
headscarf,1
headscarves,1
headset,1
headstock,1
headstone,1
headstones,1
headstrong,1
headwind,1
headwinds,1
headwords,1
hearers,1
hearsay,1
hearses,1
heartbeat,1
heartbreak,1
heartbroken,1
heartened,1
heartening,1
heartfelt,1
hearths,1
hearties,1
heartland,1
heartlands,1
heartlessness,1
heartwood,1
heatedly,1
heaters,1
heathenish,1
heathenism,1
heathens,1
heathery,1
heathland,1
heatwave,1
heave,1
heavyweight,1
hectically,1
hector,1
hectoring,1
hedgerows,1
hedonist,1
hedonistic,1
heedless,1
heedlessness,1
heightened,1
heightening,1
heightens,1
heiress,1
heiresses,1
helical,1
heliotrope,1
helipad,1
hellfire,1
helpers,1
helpings,1
helpless,1
helplessly,1
helplessness,1
hemispheric,1
henceforward,1
hepatic,1
heptagon,1
heptagonal,1
heptagons,1
heralded,1
heralding,1
heralds,1
herbalism,1
herbicide,1
herdsman,1
hereabouts,1
hereby,1
heresies,1
heretic,1
heretical,1
heretofore,1
hereunder,1
hereupon,1
heritable,1
hermaphrodite,1
heroic,1
heroically,1
heroics,1
heroines,1
heroism,1
herons,1
herself,1
hesitancy,1
hesitate,1
hesitated,1
hesitates,1
hesitating,1
heterodox,1
heterodoxy,1
heterogeneous,1
heterologous,1
horrendous,1
horrendously,1
horrific,1
horrifically,1
horrifies,1
horrifying,1
horrifyingly,1
horseback,1
horsemen,1
horseplay,1
horseradish,1
horseshoe,1
horsewhip,1
horticultural,1
hosed,1
hoses,1
hospices,1
hostage,1
hostess,1
hostesses,1
hotbeds,1
hotplate,1
hotplates,1
hottest,1
houseboats,1
housebound,1
housebreaker,1
housebreakers,1
housebuilders,1
housebuilding,1
houseful,1
householders,1
households,1
housekeepers,1
housemaid,1
housemaids,1
houseroom,1
housewife,1
housework,1
housings,1
hovercraft,1
however,1
howitzers,1
humanised,1
humanising,1
humanism,1
humanist,1
humanistic,1
humanities,1
humanoid,1
humanoids,1
humbler,1
humidifier,1
humidifiers,1
humiliate,1
humiliating,1
humiliation,1
hummingbird,1
hummingbirds,1
humouring,1
hunching,1
hundredfold,1
hundreds,1
hundredth,1
huntsmen,1
hurricane,1
hurricanes,1
hurriedly,1
ignoble,1
ignobly,1
ignominious,1
ignominy,1
ignorable,1
ignorance,1
ignorant,1
ignorantly,1
ignoring,1
iguanas,1
illegal,1
illegally,1
illiberal,1
illiterates,1
illnesses,1
illogically,1
illuminant,1
illuminates,1
illumine,1
illusion,1
illusionist,1
illusions,1
illustrative,1
illustrators,1
ilmenite,1
imaginary,1
imagination,1
imagine,1
imaging,1
imagining,1
imaginings,1
imbalanced,1
imbecility,1
imbibing,1
imbroglio,1
imitated,1
imitating,1
imitation,1
imitations,1
imitator,1
imitators,1
immanent,1
immaturely,1
immaturity,1
immediacy,1
immediately,1
immensities,1
immigrant,1
immigrants,1
immigrate,1
immigrated,1
immigrating,1
immigration,1
imminent,1
immiscible,1
immobile,1
immobilise,1
immobiliser,1
immobilization,1
immobilized,1
immolate,1
immolation,1
immorality,1
immorally,1
immortal,1
immortalised,1
immortally,1
immortals,1
immunities,1
immunity,1
immunization,1
immunized,1
immunoassay,1
impaction,1
impairing,1
impairment,1
impale,1
impaler,1
impaling,1
impartiality,1
impartially,1
imparting,1
impasse,1
impassive,1
impassivity,1
impatient,1
impeachment,1
impeccable,1
impeccably,1
impeded,1
impediment,1
impediments,1
impeding,1
imperatives,1
imperceptible,1
imperceptibly,1
imperial,1
imperil,1
imperious,1
imperiously,1
imperishable,1
imperium,1
impermanent,1
impertinent,1
impervious,1
impinge,1
impinging,1
impish,1
implacably,1
implant,1
implanted,1
implanting,1
implants,1
implementer,1
implicated,1
implicating,1
implication,1
implicit,1
imploded,1
implodes,1
imploring,1
imploringly,1
implosion,1
implying,1
impolite,1
impolitic,1
importable,1
importance,1
important,1
importantly,1
importation,1
importune,1
importunity,1
imposition,1
impositions,1
impossible,1
impossibly,1
impostor,1
impostors,1
impotence,1
impotent,1
impounded,1
imprecise,1
impregnated,1
impresarios,1
impress,1
impresses,1
imprimatur,1
imprinted,1
imprinting,1
imprints,1
imprison,1
imprisoning,1
imprisons,1
improbably,1
impromptu,1
improperly,1
impropriety,1
improve,1
improvident,1
improving,1
improvisatory,1
improvise,1
improvising,1
imprudent,1
impugnable,1
impugning,1
impulsive,1
impunity,1
impurities,1
imputation,1
imputations,1
inability,1
inaccuracy,1
inaction,1
inactivity,1
legislative,1
legitimate,1
legitimately,1
legitimise,1
legitimization,1
legitimized,1
legitimizing,1
legstraps,1
leguminous,1
leisurely,1
leitmotiv,1
leitmotivs,1
lemmings,1
lengthened,1
lengthening,1
lengthens,1
lengthways,1
lengthwise,1
leniently,1
lensing,1
lesbian,1
lesions,1
lesson,1
lessors,1
lethally,1
lethargy,1
lettering,1
levelled,1
leveller,1
lever,1
leverage,1
levered,1
levitates,1
lewdness,1
lexemes,1
lexical,1
lexicon,1
liability,1
liaise,1
liaising,1
liaison,1
libation,1
libations,1
libelling,1
liberalism,1
liberalization,1
liberalize,1
liberalized,1
liberalizing,1
liberally,1
liberals,1
liberated,1
liberator,1
libidinous,1
librarian,1
librarians,1
libretti,1
librettists,1
libretto,1
licences,1
licensed,1
licensee,1
licensees,1
licenses,1
licentiate,1
lied,1
lieder,1
liens,1
lifeboatmen,1
lifeboats,1
lifeforms,1
lifeguard,1
lifelessly,1
lifeline,1
lifesaving,1
lifestyles,1
lifting,1
ligament,1
ligature,1
ligatured,1
lightened,1
lightens,1
lighter,1
lighthouse,1
lightless,1
lightning,1
likable,1
likened,1
likeness,1
likening,1
likens,1
likes,1
likewise,1
likings,1
lilacs,1
lilliputian,1
lilting,1
limbering,1
limbless,1
limerick,1
limestones,1
limitation,1
limitations,1
limiter,1
limitless,1
limousine,1
lineages,1
lineally,1
linear,1
linearized,1
linens,1
linesman,1
linesmen,1
lingerie,1
lingering,1
linguist,1
linguistics,1
linguists,1
liniments,1
linings,1
linkable,1
linkages,1
linnets,1
lintels,1
lionesses,1
lionise,1
lipase,1
liqueur,1
liqueurs,1
liquidated,1
liquidating,1
liquidation,1
liquidator,1
liquidators,1
liquidity,1
liquidizer,1
liquorice,1
lissom,1
lissome,1
listeners,1
listings,1
listlessly,1
literacy,1
literary,1
literati,1
lithographs,1
lithological,1
litigant,1
litigants,1
litigating,1
litigation,1
litigious,1
litres,1
little,1
liveliest,1
livelihood,1
llamas,1
loader,1
loads,1
loafer,1
loafers,1
loanable,1
loaning,1
loathed,1
loathsome,1
loathsomeness,1
lobbyists,1
lobotomies,1
lobotomised,1
lobotomising,1
localising,1
localization,1
localize,1
localized,1
locals,1
located,1
locating,1
location,1
locational,1
locations,1
locomotion,1
locomotive,1
locomotives,1
lodestone,1
lodgement,1
lodgings,1
logarithmic,1
logarithms,1
logical,1
logicality,1
logically,1
logician,1
logicians,1
logistic,1
logistical,1
loincloth,1
loitered,1
loitering,1
loiters,1
lonesomeness,1
longevity,1
longhouses,1
longish,1
longitude,1
longitudes,1
lookalikes,1
looked,1
loopholes,1
loosening,1
loosens,1
lopsided,1
lorries,1
losers,1
louche,1
loudhailer,1
loudness,1
loudspeakers,1
lounging,1
loutishness,1
louvred,1
lovable,1
loveable,1
loveless,1
loveliest,1
lovemaking,1
lovestruck,1
lowlanders,1
loyalists,1
manipulators,1
manliest,1
manoeuvrable,1
manoeuvre,1
manoeuvred,1
manoeuvrings,1
manorial,1
manservant,1
mansion,1
mansions,1
manslaughter,1
mantissa,1
mantissas,1
manufactured,1
manufacturer,1
manufacturers,1
manure,1
manuscripts,1
mappings,1
marble,1
marbles,1
marcher,1
marchers,1
marches,1
marginalia,1
marginalization,1
marginalize,1
marginalized,1
margins,1
marigold,1
marijuana,1
marinate,1
marinated,1
mariner,1
mariners,1
maritime,1
markedly,1
marker,1
marketable,1
marketer,1
marketing,1
marksmanship,1
marmoset,1
marooned,1
marooning,1
marquee,1
marquetry,1
marriage,1
marriages,1
marshy,1
marvelling,1
marvellous,1
marvellously,1
masculine,1
masculinity,1
masochistic,1
masochists,1
massacre,1
massacres,1
massager,1
massages,1
massaging,1
masseur,1
massif,1
mastectomy,1
masterclass,1
masterfully,1
mastermind,1
masterpiece,1
masterwork,1
masterworks,1
mastery,1
mastic,1
masticating,1
metallurgy,1
metamorphism,1
metamorphose,1
metamorphosed,1
metamorphoses,1
metaphor,1
metaphors,1
metaphysical,1
metaphysics,1
metastases,1
metastasis,1
metastatic,1
metatarsal,1
meteorologist,1
meteorology,1
metered,1
meters,1
methanol,1
methionine,1
methodical,1
methodologies,1
methylene,1
metonymic,1
metrical,1
metrics,1
metronomes,1
metropolis,1
mezzanine,1
micelles,1
microbes,1
microbiologist,1
microchip,1
microchips,1
microcode,1
microcomputer,1
microcosm,1
microcosmic,1
microfiche,1
microfilming,1
micrograms,1
micrographs,1
microgravity,1
micrometers,1
microns,1
microphone,1
microprogram,1
microscope,1
microscopic,1
microscopist,1
microscopy,1
microwave,1
microwaves,1
middlemen,1
middleweight,1
midfielder,1
midfielders,1
midges,1
midline,1
midnight,1
midshipman,1
midwinter,1
migraine,1
migrate,1
migrates,1
migrating,1
mildewed,1
mileages,1
milestones,1
militancy,1
militant,1
militantly,1
militants,1
militarily,1
militarism,1
militarist,1
militarization,1
militarized,1
military,1
militated,1
militating,1
militia,1
militiaman,1
milkiest,1
milkmaid,1
milkshakes,1
milksop,1
millennial,1
millennium,1
millibars,1
milligram,1
milligrams,1
nodding,1
noiseless,1
noisily,1
nomadic,1
nomenclature,1
nomenclatures,1
nominated,1
nominating,1
nomination,1
nominations,1
nominees,1
nonentities,1
noodles,1
normalise,1
normalised,1
normaliser,1
normalises,1
normalising,1
normality,1
normalizable,1
normalization,1
normalizes,1
northerly,1
northernmost,1
nosegays,1
nosiest,1
nosily,1
nosing,1
nostalgia,1
nostalgic,1
nostrils,1
notable,1
notables,1
notation,1
notational,1
notationally,1
notations,1
notching,1
notebook,1
notepad,1
notepads,1
notepaper,1
noteworthy,1
nothings,1
noticing,1
notifiable,1
notifying,1
notional,1
notionally,1
notoriety,1
notorious,1
nourishing,1
nourishment,1
novelist,1
novella,1
nubile,1
nucleated,1
nucleotide,1
nudging,1
nuisance,1
nullify,1
nullifying,1
numbering,1
numeral,1
numerals,1
numerate,1
numerator,1
numerators,1
numeric,1
numerical,1
numerically,1
numerological,1
numismatic,1
numismatics,1
nuptial,1
nuptials,1
nursery,1
nurseryman,1
nurturing,1
nutation,1
nutrient,1
nutriment,1
nutrition,1
nutritional,1
nymphomania,1
obdurate,1
obdurately,1
obelisk,1
obfuscate,1
obfuscation,1
objective,1
objectively,1
overcook,1
overcooked,1
overcrowded,1
overdose,1
overdosing,1
overdraft,1
overdrafts,1
overdraw,1
overdubbing,1
overemphasise,1
overemphasize,1
overexposure,1
overextended,1
overfed,1
overfeed,1
overfill,1
overflow,1
overflows,1
overfly,1
overflying,1
overgeneralized,1
overgrown,1
overhauls,1
overhead,1
overhearing,1
overhears,1
protrusion,1
protrusions,1
protrusive,1
protuberance,1
protuberances,1
prouder,1
proverbs,1
providence,1
provident,1
provider,1
provincial,1
provisional,1
provisionally,1
provisions,1
provocation,1
provoking,1
provokingly,1
proximately,1
prudence,1
prudently,1
prudishness,1
psalms,1
pseudonym,1
pseudonymous,1
pseudonyms,1
pseudopod,1
psoriasis,1
psychedelia,1
psychedelic,1
psychiatric,1
psychically,1
tremendously,1
tremor,1
tremulous,1
tremulousness,1
trenchant,1
trenchantly,1
trenched,1
trenches,1
trenching,1
trepanned,1
trespass,1
trestles,1
trials,1
triangular,1
triathlon,1
triatomic,1
tribally,1
tribesmen,1
tribulation,1
tribunal,1
trickery,1
trickle,1
trickles,1
tricolour,1
tricycle,1
tricycles,1
trident,1
trifler,1
triggered,1
trigram,1
trilateral,1
trilingual,1
trillion,1
trillions,1
trilobite,1
trilobites,1
trilogy,1
unshaken,1
unsharable,1
unshared,1
unshrinking,1
unskilled,1
unsociable,1
unsocial,1
unsoiled,1
unsolved,1
unsorted,1
unspecified,1
unspectacular,1
unspent,1
unspoiled,1
unspoilt,1
unstable,1
unstacked,1
unstacking,1
unsteadiness,1
unsticking,1
unstinting,1
unstoppable,1
unstrapped,1
unstretchable,1
unstructured,1
unsubstituted,1
unsuccessfully,1
unsuitability,1
unsuitable,1
unsupervised,1
unsupportable,1
unsuppressed,1
unsure,1
unsurfaced,1
unsurpassable,1
unsurprising,1
unswappable,1
unsystematic,1
untainted,1
untalented,1
untangling,1
untended,1
unthinkably,1
unthinking,1
untidily,1
untimely,1
untiring,1
untraceable,1
untrammelled,1
untransformed,1
untranslatable,1
untranslated,1
untransportable,1
untrappable,1
untreatable,1
untrodden,1
untypically,1
unusable,1
unvanquished,1
unvarnished,1
unvaryingly,1
unveils,1
unversed,1
unwanted,1
unwarned,1
unwarrantable,1
unwarranted,1
unwatchable,1
unwearied,1
unwelcoming,1
unwillingly,1
unwindable,1
unwisely,1
unwittingly,1
unworkable,1
unworthily,1
unzipping,1
upbraid,1
upbraiding,1
upbringing,1
upbringings,1
updatability,1
upgrade,1
upgrading,1
upholder,1
upholster,1
upholsterers,1
upraised,1
uprate,1
uprated,1
uprightness,1
uprising,1
virtuoso,1
virtuously,1
viruses,1
viscose,1
vision,1
visions,1
visitations,1
visiting,1
visits,1
visors,1
visualising,1
visualize,1
visualizing,1
vitiated,1
vitiating,1
vitreous,1
vitrified,1
vitriolic,1
vituperative,1
vivaciously,1
vivisected,1
vocabularies,1
vocalising,1
vocalization,1
vocalize,1
vocalized,1
vocational,1
vocationally,1
wintriest,1
wisest,1
wishbone,1
wistful,1
wistfulness,1
witchdoctor,1
witchdoctors,1
witchlike,1
withdrawals,1
withdrawing,1
withdraws,1
withdrew,1
withering,1
withholding,1
withstand,1
withstands,1
witness,1
witnessed,1
wittering,1
witticism,1
witticisms,1
woebegone,1
womaniser,1
wondered,1
wonderful,1
wonderfulness,1
woodcutter,1
woodcutters,1
woodenness,1
woodlice,1
woodpecker,1
woodpile,1
woodworker,1
wordiness,1
workbench,1
workhorses,1
workmanship,1
workmates,1
workplace,1
workplaces,1
workspace,1
workstations,1
worldliness,1
wormholes,1
worryingly,1
worsening,1
worshipful,1
worshipped,1
worshipper,1
worshipping,1
worthlessness,1
wrangles,1
wrangling,1
wreathe,1
wreaths,1
wreckers,1
wrested,1
wrestle,1
wrestled,1
wrestler,1
wrestles,1
wretched,1
wretchedly,1
wretchedness,1
wriggling,1
wringer,1
wrinkling,1
wristbands,1
wristwatch,1
writable,1
wrongdoer,1
wrongdoing,1
wrongdoings,1
wronged,1
wrongness,1
wunderkind,1
xenophobic,1
xerography,1
xylophonist,1
yardsticks,1
yawningly,1
yearbook,1
yearbooks,1
yearlings,1
yearned,1
yearning,1
yeasty,1
yellowhammers,1
yesterday,1
yesterdays,1
yippee,1
youngster,1
youngsters,1
youthfulness,1
zealousness,1
zebra,1
zeniths,1
zirconium,1
zodiacal,1
zookeepers,1
zoologists,1
aardvark,2
aardvarks,2
abandon,2
abandons,2
abate,2
abattoir,2
abattoirs,2
abdomen,2
abdomens,2
abdominal,2
abducted,2
abductor,2
abductors,2
abetted,2
abetting,2
abhor,2
abides,2
ablates,2
able,2
abler,2
ablest,2
abnormal,2
abnormally,2
aboard,2
abodes,2
abolish,2
abolished,2
aboriginal,2
aborting,2
aborts,2
abounded,2
abounds,2
above,2
abrasion,2
abruptness,2
absences,2
absent,2
absolute,2
absolutism,2
absolutist,2
absolved,2
absolves,2
absolving,2
absorb,2
absorbed,2
absorber,2
absorbing,2
absorbs,2
absorption,2
absorptivity,2
abstain,2
abstains,2
abstract,2
abstracts,2
absurd,2
absurdist,2
absurdity,2
abundant,2
abuse,2
abuser,2
abuses,2
abysses,2
acacia,2
academia,2
academic,2
academics,2
accentuates,2
accept,2
acceptably,2
accepted,2
accepts,2
accident,2
accolades,2
accommodated,2
accommodates,2
accompany,2
accomplish,2
accordingly,2
accords,2
accosting,2
accountancy,2
accountant,2
accountants,2
accounted,2
accounts,2
accrual,2
accrued,2
accumulates,2
accumulative,2
accumulator,2
accumulators,2
accusatory,2
accuser,2
accuses,2
accustom,2
acerbity,2
aces,2
achieves,2
aching,2
achingly,2
acidic,2
acidity,2
acidly,2
acids,2
acne,2
acorn,2
acoustics,2
acquainting,2
acquaints,2
acquire,2
acquired,2
acquits,2
acquitted,2
acquitting,2
acres,2
acrobat,2
acrobatics,2
acrobats,2
acronym,2
acrostics,2
acrylics,2
acted,2
action,2
actively,2
activism,2
activist,2
actors,2
actress,2
actuality,2
actuarial,2
actuary,2
actuating,2
actuator,2
actuators,2
adamant,2
adamantly,2
adaptivity,2
adaptor,2
adaptors,2
add,2
addendum,2
addicts,2
addling,2
addresses,2
adducing,2
adenomas,2
adept,2
adhere,2
adjacent,2
adjacently,2
adjoin,2
adjoins,2
adjourn,2
adjuncts,2
adjutant,2
admirably,2
admire,2
admits,2
admonitory,2
ado,2
adopted,2
adoption,2
adoptions,2
adopts,2
adoring,2
adorns,2
adroitly,2
adsorb,2
adsorption,2
adulatory,2
adulthood,2
advanced,2
advent,2
adverb,2
adverbial,2
advisable,2
advising,2
advisory,2
aerial,2
angular,2
anhydrous,2
animal,2
animus,2
annealed,2
annealer,2
annotated,2
announcer,2
annual,2
annualized,2
annular,2
anode,2
anodyne,2
anoint,2
anomalous,2
anomalously,2
anomic,2
anonymous,2
anonymously,2
answer,2
answered,2
answers,2
antedates,2
antenatal,2
anthology,2
anthrax,2
anthropology,2
anticlimax,2
antics,2
antigenic,2
antiknock,2
antimatter,2
antipathy,2
antiphons,2
antiviral,2
antler,2
antonyms,2
anxieties,2
anxiety,2
anything,2
aorta,2
aortic,2
apathetic,2
apathy,2
aperitifs,2
aphelion,2
aphorisms,2
aphrodisiac,2
apiarist,2
apocryphal,2
apolitical,2
apologist,2
apologizing,2
apology,2
apoplexy,2
apostasy,2
appals,2
apparatus,2
apparelled,2
appeal,2
appear,2
appearing,2
appease,2
appeased,2
appellant,2
appellants,2
appendages,2
appending,2
appendix,2
appetite,2
appetites,2
applauded,2
assembly,2
assignable,2
assizes,2
assort,2
assumed,2
assurance,2
broadband,2
broadcast,2
broadloom,2
broadsword,2
broadswords,2
brochure,2
brogues,2
broiling,2
brokenly,2
brokers,2
bromine,2
brontosaurus,2
brooches,2
broodingly,2
broods,2
broomstick,2
brothel,2
brother,2
explode,2
exploited,2
exploits,2
explored,2
explosive,2
explosively,2
explosives,2
exported,2
exposure,2
expounded,2
extant,2
extols,2
extort,2
extracts,2
extrovert,2
eyelid,2
eyes,2
eyewash,2
fable,2
fabled,2
fabulists,2
fabulously,2
facades,2
faces,2
formality,2
formalizing,2
formation,2
formats,2
formatted,2
formerly,2
formless,2
formlessness,2
formula,2
formulary,2
formulate,2
formulated,2
formulates,2
formulator,2
fornicated,2
fornicator,2
forsakes,2
forswore,2
forthcoming,2
forthrightly,2
forties,2
fortifying,2
fortissimo,2
fortnightly,2
fortnights,2
fortress,2
fortuitous,2
fortunes,2
forums,2
forwards,2
fossilise,2
fossilize,2
fossils,2
fostered,2
founded,2
foundries,2
fountains,2
foursome,2
fracas,2
fractal,2
fractals,2
fractious,2
fractures,2
fracturing,2
fragrant,2
frankest,2
frankfurter,2
frantic,2
frantically,2
fraudulent,2
freakish,2
free,2
freedom,2
freedoms,2
freehand,2
freezer,2
freezers,2
freezes,2
frenziedly,2
freons,2
frescoes,2
frescos,2
fresh,2
freshly,2
frets,2
friars,2
friction,2
friends,2
frigates,2
frightfully,2
frights,2
fringe,2
fringes,2
frisking,2
frisson,2
frivolity,2
frogman,2
frolicked,2
fronds,2
frontal,2
glinting,2
glisten,2
glittered,2
glittery,2
gloaming,2
global,2
globular,2
gloomier,2
glories,2
glorified,2
gloriously,2
glorying,2
glossary,2
glossily,2
glossy,2
insides,2
insipid,2
insisting,2
insole,2
instantly,2
jockstrap,2
jockstraps,2
joining,2
jottings,2
journal,2
journalist,2
journals,2
journeyman,2
jovially,2
joyfulness,2
joyride,2
joyriding,2
joystick,2
jubilant,2
judged,2
judgement,2
judging,2
judgment,2
judgmental,2
judiciary,2
judicious,2
juggernaut,2
jugglers,2
jukebox,2
juleps,2
jumpiness,2
junction,2
junctions,2
juniors,2
juridical,2
jurist,2
jurists,2
jussive,2
justice,2
justifiably,2
kamikaze,2
kaolin,2
karaoke,2
karma,2
karst,2
keeper,2
kelpers,2
lessening,2
lessons,2
lethality,2
lettered,2
letters,2
lettings,2
leukaemia,2
levelling,2
leveraged,2
levering,2
levies,2
levitate,2
levitated,2
levitating,2
lexeme,2
liaised,2
liaisons,2
liars,2
libeller,2
libellous,2
libels,2
liberal,2
liberty,2
library,2
lickerish,2
lidded,2
lies,2
lifeblood,2
lifelong,2
lifespan,2
lifted,2
lifter,2
lifters,2
ligands,2
ligaturing,2
lighted,2
lighting,2
lightly,2
lightship,2
lignite,2
likelier,2
lilac,2
lilies,2
limekiln,2
limes,2
liminal,2
limited,2
limiters,2
limpets,2
limping,2
linden,2
lingual,2
linguistic,2
liniment,2
linkage,2
linking,2
linoleum,2
lionize,2
lions,2
lipsticks,2
liquidise,2
liquidising,2
liquorish,2
liquors,2
listened,2
listener,2
listens,2
listing,2
listless,2
literally,2
literals,2
lithe,2
lithium,2
lithograph,2
lithography,2
litotes,2
littered,2
littoral,2
liturgical,2
liturgy,2
livened,2
livening,2
livens,2
liveried,2
liveries,2
livings,2
llama,2
load,2
loadings,2
loams,2
loaned,2
loanword,2
loanwords,2
loathes,2
loaves,2
lobbied,2
lobbyist,2
lobotomist,2
lobotomized,2
lobster,2
local,2
locales,2
localizing,2
locates,2
locators,2
lodge,2
lodger,2
lodgers,2
lodging,2
lofts,2
loganberry,2
logarithm,2
logged,2
marsupials,2
martens,2
martinet,2
martyrdom,2
mascara,2
mascot,2
mascots,2
maser,2
masochism,2
masochist,2
mason,2
masonic,2
masonry,2
masons,2
masques,2
massacring,2
masseuse,2
massive,2
mastered,2
masterful,2
masters,2
mastodon,2
mastodons,2
masturbatory,2
matador,2
matchbox,2
matchmaker,2
matchplay,2
matchstick,2
materiel,2
mathematics,2
matins,2
matriarchy,2
matrons,2
matters,2
mature,2
milkier,2
milking,2
milkmaids,2
milkshake,2
milliner,2
million,2
nitrite,2
nitrogen,2
nobleman,2
noblest,2
nocturnal,2
nocturnally,2
nocturne,2
nodule,2
nominal,2
nominally,2
nominator,2
nominee,2
nonchalant,2
nonchalantly,2
noonday,2
noontide,2
normalize,2
orgies,2
orient,2
orifice,2
originality,2
originally,2
originals,2
quizzically,2
quotas,2
quotation,2
quotations,2
quotidian,2
quotient,2
rabbis,2
rabbits,2
rabble,2
rabidly,2
rabies,2
raccoon,2
raccoons,2
racer,2
racialist,2
racing,2
racist,2
racket,2
radars,2
radial,2
radially,2
radials,2
radiant,2
radicalism,2
radioed,2
radiography,2
radios,2
raffles,2
rafter,2
rafters,2
ragamuffin,2
rage,2
raged,2
raiding,2
raids,2
raillery,2
railwaymen,2
railways,2
rainbows,2
raincoats,2
raindrop,2
rainwater,2
rainy,2
saluted,2
salved,2
salver,2
salvers,2
salvo,2
salvos,2
samba,2
sambas,2
samosas,2
samovar,2
sanction,2
sanctuary,2
sandals,2
sandalwood,2
sandbank,2
sandbanks,2
sandier,2
sandiest,2
sandman,2
sandpaper,2
sandpit,2
sanely,2
sanest,2
sang,2
sanitary,2
sarcasm,2
sourcing,2
soured,2
south,2
southbound,2
southward,2
southwards,2
sower,2
space,2
spaceflight,2
spacemen,2
spacial,2
spacings,2
spacious,2
spades,2
span,2
spangles,2
spaniel,2
spankings,2
spanning,2
spared,2
sparingly,2
sparking,2
sparkling,2
sparklingly,2
sparring,2
sparrowhawk,2
spars,2
sparsity,2
spasm,2
spasms,2
spastic,2
spastics,2
spate,2
spattered,2
spatters,2
spatula,2
spawning,2
speaker,2
speared,2
spearing,2
special,2
specially,2
species,2
specified,2
specimen,2
spectacles,2
spectaculars,2
spectral,2
speculated,2
speculates,2
speculum,2
speeding,2
spellable,2
spenders,2
spending,2
spewed,2
spewing,2
spews,2
sphere,2
spiced,2
spider,2
spies,2
spigot,2
spillage,2
spilled,2
spiller,2
spilling,2
spinal,2
spineless,2
spinet,2
spinner,2
spinners,2
spinney,2
spins,2
spiteful,2
spittle,2
spittoon,2
splashdown,2
splashing,2
splashy,2
splat,2
splatter,2
spliced,2
splices,2
spline,2
splinted,2
splits,2
splitting,2
spluttered,2
spoilage,2
spoilsport,2
spokesman,2
sponsorship,2
spooking,2
sporran,2
sporrans,2
sported,2
sportingly,2
sportive,2
sportsman,2
spotlessly,2
spotlit,2
spotters,2
spotty,2
sprain,2
sprained,2
sprains,2
sprang,2
spray,2
sprayed,2
spraying,2
sprays,2
sprightly,2
springbok,2
springboks,2
springs,2
springy,2
sprinkled,2
sprinklers,2
sprinkles,2
sprinkling,2
sprint,2
sprinting,2
sprite,2
sprocket,2
sprout,2
sprouting,2
spurred,2
squabble,2
squabbles,2
squabbling,2
squadron,2
squadrons,2
squalid,2
squalor,2
squaring,2
squarish,2
squash,2
squashed,2
wordlessly,2
wordplay,2
workability,2
workaday,2
workday,2
workforce,2
workforces,2
workhouse,2
workhouses,2
workload,2
workloads,2
workmate,2
workpeople,2
workstation,2
worldwide,2
wormhole,2
worriedly,2
worrier,2
worriers,2
worries,2
worrisome,2
worsens,2
worthless,2
worthwhile,2
wraparound,2
wrappings,2
wrasse,2
wreath,2
wreathes,2
wreathing,2
wrecked,2
wrecker,2
wren,2
wrenches,2
wrenching,2
wrest,2
wresting,2
wrestling,2
wretch,2
wretches,2
wriggles,2
wristband,2
writhed,2
writhes,2
writhing,2
written,2
wrongfully,2
wronging,2
xeroxing,2
xylophone,2
yacht,2
yachting,2
yachts,2
yachtsman,2
yachtsmen,2
yardage,2
yardstick,2
yarmulkes,2
yearn,2
yellowish,2
yeoman,2
yeomanry,2
yeti,2
yielding,2
youngest,2
youngish,2
yuccas,2
zealot,2
zealously,2
zeolite,2
zestfully,2
zeta,2
zeugma,2
zigzagged,2
zigzagging,2
zombie,2
zonation,2
zoological,2
zooplankton,2
abacus,3
abashed,3
abbeys,3
abducting,3
abide,3
ability,3
abjectly,3
abolishing,3
abort,3
abrogated,3
abrupt,3
abruptly,3
abscond,3
abstractly,3
absurdly,3
abundantly,3
abusing,3
abysmal,3
abysmally,3
abyssal,3
acanthus,3
accord,3
accost,3
accosts,3
account,3
accruals,3
accuracy,3
accusal,3
accuse,3
accused,3
acetic,3
achieved,3
acid,3
acidify,3
acquit,3
acre,3
acronyms,3
acting,3
active,3
actives,3
activity,3
actor,3
actually,3
acuity,3
acute,3
acutely,3
adagio,3
addict,3
adding,3
addle,3
address,3
adieux,3
adjacency,3
adjunct,3
adjust,3
adjusting,3
adjusts,3
admit,3
adopting,3
adorn,3
adrift,3
adroit,3
adults,3
advert,3
advice,3
advocacy,3
affairs,3
affirms,3
affixing,3
affords,3
affray,3
agency,3
agenda,3
agendas,3
agent,3
ages,3
aging,3
aglow,3
agonies,3
ague,3
ah,3
ailing,3
ailment,3
aimed,3
aimless,3
aims,3
airfield,3
airily,3
airliner,3
airman,3
airport,3
airstrips,3
airy,3
aisles,3
aitches,3
ajar,3
akimbo,3
alacrity,3
albeit,3
albino,3
albums,3
alchemy,3
alcohols,3
alga,3
aliases,3
alibi,3
alien,3
align,3
alimony,3
alleged,3
alley,3
alleyway,3
alleyways,3
allot,3
allotting,3
allows,3
alloying,3
alluring,3
alluvial,3
alms,3
alpha,3
alphabet,3
also,3
alumnus,3
amazing,3
ambles,3
ambulatory,3
ambush,3
ambushing,3
amiably,3
amidships,3
amines,3
among,3
amoral,3
amorous,3
amounts,3
ampere,3
amplifier,3
amplify,3
amps,3
amputated,3
amuse,3
amuses,3
anal,3
anally,3
analogy,3
analyst,3
analytical,3
anarchy,3
anchor,3
anchovy,3
and,3
anemones,3
anew,3
anger,3
angst,3
animals,3
anions,3
ankles,3
anklet,3
annal,3
annexe,3
annexes,3
announced,3
annoys,3
annuals,3
annuli,3
annulled,3
annuls,3
annulus,3
anodes,3
anon,3
anoraks,3
anteater,3
anthem,3
antic,3
antigen,3
antonym,3
antral,3
antrum,3
anybody,3
aorist,3
apace,3
ape,3
aped,3
aphids,3
aphorism,3
capsule,3
captured,3
caramel,3
caraway,3
carbonyl,3
cardigan,3
carer,3
colloquium,3
colobus,3
colonize,3
colonizing,3
colons,3
colossally,3
colossus,3
colostomy,3
colourant,3
colourants,3
colourful,3
colours,3
columns,3
coma,3
combated,3
combating,3
comeback,3
comical,3
commands,3
commas,3
commend,3
commits,3
committing,3
commodity,3
commoner,3
culturally,3
cultures,3
culvert,3
cunningly,3
cupola,3
curatorial,3
curdle,3
cure,3
curia,3
curio,3
currants,3
curriculum,3
cursed,3
cursorily,3
cursors,3
cursory,3
curtains,3
curves,3
custards,3
custody,3
custom,3
customer,3
customs,3
cutlass,3
cutlery,3
cutlet,3
cuttingly,3
cuttings,3
cyanogen,3
cycleway,3
cyclist,3
cyclone,3
cyclotron,3
cygnets,3
cytology,3
czars,3
dacha,3
dachshund,3
dactyl,3
daemons,3
doll,3
dollar,3
dollars,3
dolly,3
dolphins,3
dolt,3
dominant,3
donate,3
donkey,3
donkeys,3
donning,3
donor,3
doodle,3
doodling,3
doorknobs,3
doormat,3
doorpost,3
doorstop,3
doorstops,3
doorway,3
doorways,3
doped,3
dopes,3
dotage,3
doubled,3
doubles,3
doubloons,3
doubtful,3
doubtfully,3
doubting,3
doughnut,3
doughnuts,3
doughs,3
dovecote,3
dowel,3
downfall,3
downgrade,3
fanlight,3
fanning,3
fanzine,3
farad,3
faraway,3
fared,3
fares,3
farmed,3
farming,3
farmyards,3
fascism,3
fashion,3
fast,3
fasted,3
fasts,3
fatality,3
fatally,3
fatigued,3
fatness,3
fatted,3
fatuously,3
faults,3
faulty,3
faunal,3
fealty,3
fear,3
fearful,3
fearless,3
feasting,3
feats,3
fee,3
feels,3
feigned,3
felled,3
felling,3
felt,3
females,3
femininely,3
femur,3
fence,3
fencers,3
fencing,3
fenland,3
fennel,3
fetch,3
fetched,3
fetlocks,3
feudal,3
fiance,3
fibula,3
fiction,3
fiddled,3
fiddles,3
fiends,3
fiery,3
fifties,3
fights,3
figment,3
figural,3
filed,3
filer,3
filing,3
filling,3
filthily,3
filthy,3
finders,3
finery,3
finger,3
finite,3
fiord,3
fiords,3
fire,3
firmness,3
firmware,3
firsts,3
fishier,3
fishlike,3
fishy,3
fission,3
fisted,3
fists,3
fitful,3
fitter,3
fitters,3
fittings,3
liquids,3
liquor,3
lisping,3
lisps,3
listed,3
listen,3
litany,3
literal,3
lithely,3
lithology,3
litre,3
livelier,3
lizards,3
loading,3
loaf,3
loans,3
loath,3
lobbed,3
lobbies,3
lobbing,3
lobby,3
lobbying,3
lobed,3
lobotomy,3
locality,3
locally,3
lochs,3
lockers,3
locket,3
lockout,3
locksmith,3
locust,3
locusts,3
lodged,3
lodges,3
loft,3
loftier,3
loftiness,3
logbook,3
logbooks,3
logger,3
logo,3
logos,3
loll,3
lolling,3
lollipops,3
lolly,3
longer,3
longest,3
longhand,3
longhouse,3
longsword,3
loofah,3
lookout,3
lookouts,3
looming,3
looms,3
looped,3
loophole,3
loosened,3
looser,3
looses,3
lordship,3
lordships,3
losing,3
loss,3
loth,3
lotion,3
lotto,3
lounged,3
louse,3
loutish,3
louts,3
louvre,3
lovelier,3
lovesick,3
lowers,3
lowland,3
lowliest,3
lowly,3
loyal,3
loyally,3
loyalty,3
lubbers,3
lucidly,3
luckier,3
luckily,3
lumbered,3
lumbering,3
lumberjack,3
lumbers,3
lumpiness,3
lunacy,3
lunched,3
lunches,3
lunchpack,3
lunges,3
lunging,3
lupins,3
lurched,3
lurching,3
lures,3
lurex,3
lustrous,3
luxurious,3
lymphocytes,3
lynching,3
lynchpin,3
lyricism,3
machine,3
machined,3
madam,3
madame,3
madden,3
made,3
moralizing,3
moratorium,3
morbidity,3
moribund,3
morning,3
mornings,3
morose,3
morphism,3
morsel,3
mortally,3
mortar,3
mortise,3
mosques,3
motherhood,3
motifs,3
motile,3
motility,3
motions,3
motley,3
motlier,3
motocross,3
motorist,3
motorized,3
motors,3
netted,3
network,3
newer,3
newest,3
next,3
nexus,3
nibbled,3
nicety,3
niche,3
niches,3
occupying,3
occurred,3
occurs,3
ocean,3
ocelot,3
octagons,3
octane,3
oculist,3
oddest,3
odium,3
odorous,3
odour,3
offal,3
offcuts,3
offend,3
offices,3
offprints,3
offshoot,3
offshoots,3
oft,3
ogling,3
ogrish,3
oilcloth,3
oiled,3
oils,3
oily,3
older,3
oldest,3
olefin,3
olives,3
omelet,3
panics,3
panjandrum,3
panoply,3
pans,3
pansies,3
pansy,3
pantograph,3
pantographs,3
pantry,3
papaya,3
paper,3
papery,3
par,3
parachutist,3
parade,3
paragon,3
paragraphs,3
parallel,3
paramount,3
paraquat,3
paratroop,3
parboil,3
parcel,3
parched,3
parent,3
parkas,3
parkland,3
parlours,3
parquet,3
parried,3
parries,3
parsing,3
parsnip,3
parsons,3
partakes,3
parted,3
parties,3
partner,3
partook,3
partying,3
parvenu,3
passive,3
passmark,3
pasta,3
pastas,3
paste,3
pastel,3
pastor,3
pastors,3
patchier,3
patchily,3
patent,3
pathetic,3
pathogen,3
pathology,3
pathways,3
patrols,3
patrons,3
pattens,3
pattern,3
patters,3
paunch,3
pauses,3
pawning,3
pawnshop,3
pawnshops,3
payload,3
payroll,3
peaceably,3
peafowl,3
peanut,3
peanuts,3
pebble,3
pectin,3
pedlar,3
spotting,3
spouses,3
sprat,3
sprats,3
sprawled,3
sprawling,3
sprints,3
spruce,3
sprucing,3
spurious,3
spuriously,3
spurning,3
spurted,3
sputnik,3
sputtered,3
sputtering,3
spyhole,3
squad,3
squads,3
squalling,3
squally,3
squashing,3
squashy,3
squat,3
squawk,3
squawked,3
squawks,3
squelch,3
squint,3
squints,3
squirming,3
squirting,3
squirts,3
stabbed,3
stabbing,3
stables,3
staccato,3
stacker,3
stacks,3
stadia,3
stagey,3
staging,3
stagnant,3
stags,3
stain,3
stakes,3
stalwarts,3
stamen,3
stampings,3
subculture,3
subcultures,3
subduing,3
sublimity,3
sublunary,3
subscribe,3
substratum,3
subsume,3
subsuming,3
subtract,3
subtracts,3
subtype,3
subunits,3
suburban,3
subway,3
swordfish,3
swordsman,3
sycamores,3
syllogism,3
symbol,3
symbolism,3
symbolist,3
symphony,3
symposium,3
symptom,3
symptoms,3
synchrony,3
syndromes,3
synod,3
synods,3
synonymous,3
synonyms,3
tubers,3
tubular,3
tubules,3
tulips,3
tumultuous,3
tuneful,3
tunefully,3
tunings,3
tunnel,3
turban,3
turbans,3
turbine,3
turboprop,3
urge,3
urgency,3
urgent,3
urges,3
urging,3
utilized,3
utilizing,3
utmost,3
wording,3
workable,3
workbook,3
workbooks,3
worker,3
workers,3
workhorse,3
workless,3
workman,3
workmen,3
workroom,3
workshop,3
worktop,3
worktops,3
wormwood,3
worried,3
worship,3
worships,3
worthier,3
wow,3
wraith,3
wrapped,3
wrath,3
wrathful,3
wrathfully,3
wreaked,3
wreaking,3
wreathed,3
wreck,3
wrecking,3
wrenched,3
wrinkles,3
wrinkly,3
wrist,3
wrists,3
writings,3
wrongful,3
xenophobe,3
xeroxed,3
yak,3
yaks,3
yeast,3
yeasts,3
yellowed,3
yellowing,3
yielded,3
yields,3
yodelling,3
young,3
yttrium,3
zealots,3
zealous,3
zenith,3
zeolites,3
zephyr,3
zephyrs,3
zigzags,3
zoologist,3
zoology,3
any,9
apex,9
bake,9
bayed,9
baying,9
bevy,9
bib,9
biter,9
bomb,9
books,9
boon,9
bucked,9
buff,9
bury,9
burying,9
buy,9
buzzer,9
cane,9
cans,9
caving,9
chump,9
comer,9
cook,9
coves,9
coxes,9
coxing,9
crux,9
cuffed,9
curd,9
cut,9
doffing,9
dove,9
duds,9
gory,9
gulf,9
gull,9
gully,9
ham,9
hams,9
hark,9
have,9
haves,9
hawk,9
hazier,9
hex,9
hikes,9
hive,9
hived,9
hog,9
holing,9
honed,9
hood,9
hoots,9
hose,9
housing,9
huffy,9
huge,9
hunk,9
hunts,9
hurry,9
hurting,9
hurts,9
ions,9
jabbed,9
jack,9
jazzy,9
jig,9
jinx,9
jogged,9
joined,9
joke,9
joy,9
joyed,9
jury,9
jutting,9
key,9
kill,9
kinky,9
kirk,9
kites,9
labs,9
lad,9
logs,9
lug,9
may,9
mind,9
mite,9
muck,9
mucks,9
muds,9
muff,9
muffed,9
muffs,9
mugged,9
nag,9
nags,9
nicer,9
noon,9
nuts,9
oaf,9
packer,9
packs,9
paid,9
paying,9
peck,9
pen,9
pills,9
pimps,9
pin,9
pint,9
pit,9
plump,9
ply,9
pock,9
pony,9
popper,9
pout,9
pub,9
puller,9
pulls,9
punch,9
punt,9
putty,9
quiff,9
quiz,9
rail,9
red,9
rid,9
rids,9
rigs,9
rim,9
ring,9
ripped,9
rite,9
rod,9
rods,9
root,9
rosy,9
rot,9
round,9
ruff,9
rugs,9
rum,9
rumps,9
run,9
runny,9
sat,9
saw,9
shams,9
sine,9
sip,9
sir,9
sob,9
son,9
sop,9
sow,9
spy,9
stir,9
supper,9
sways,9
tails,9
tall,9
thump,9
tome,9
tore,9
tower,9
towing,9
try,9
trying,9
tubs,9
tuft,9
vale,9
vanes,9
vats,9
very,9
votes,9
vows,9
vying,9
wafting,9
wailed,9
wailing,9
walls,9
war,9
warp,9
wars,9
wary,9
wash,9
waves,9
wavy,9
waxed,9
ways,9
wear,9
well,9
wend,9
wending,9
wick,9
wide,9
womb,9
woods,9
word,9
work,9
worm,9
wove,9
yap,9
years,9
yells,9
yoked,9
your,9
zeal,9
zips,9
zone,9
zones,9